{
  "indexes": [
    {
      "collectionGroup": "institutions",
      "queryScope": "COLLECTION",
      "fields": [
        {
          "fieldPath": "category",
          "order": "ASCENDING"
        },
        {
          "fieldPath": "rank",
          "order": "ASCENDING"
        }
      ]
    },
    {
      "collectionGroup": "posts",
      "queryScope": "COLLECTION",
      "fields": [
        {
          "fieldPath": "user",
          "order": "ASCENDING"
        },
        {
          "fieldPath": "Time",
          "order": "DESCENDING"
        }
      ]
    }
  ]
}