{
  "project_info": {
    "project_number": "580321473691",
    "project_id": "projecttalaash01",
    "storage_bucket": "projecttalaash01.firebasestorage.app"
  },
  "client": [
    {
      "client_info": {
        "mobilesdk_app_id": "1:580321473691:android:7d0d32487bbd314880423e",
        "android_client_info": {
          "package_name": "com.kiet.talaash"
        }
      },
      "oauth_client": [
        {
          "client_id": "580321473691-s88hnu28etd05vb02ftmlvpjondemert.apps.googleusercontent.com",
          "client_type": 1,
          "android_info": {
            "package_name": "com.kiet.talaash",
            "certificate_hash": "9bbb3186b2189ef16d8f272bdab59362c395cbb4"
          }
        },
        {
          "client_id": "580321473691-6vccrvgtsd5l2ier66nestljshpvmeud.apps.googleusercontent.com",
          "client_type": 3
        }
      ],
      "api_key": [
        {
          "current_key": "AIzaSyBesDtijgDoCKDynWpC8REV3pCQt_mJMLc"
        }
      ],
      "services": {
        "appinvite_service": {
          "other_platform_oauth_client": [
            {
              "client_id": "580321473691-6vccrvgtsd5l2ier66nestljshpvmeud.apps.googleusercontent.com",
              "client_type": 3
            },
            {
              "client_id": "580321473691-4125uhq1pje5av19tkl6l04n8l5c40qa.apps.googleusercontent.com",
              "client_type": 2,
              "ios_info": {
                "bundle_id": "com.kiet.talaash"
              }
            }
          ]
        }
      }
    },
    {
      "client_info": {
        "mobilesdk_app_id": "1:580321473691:android:9e477e5b6c082f7680423e",
        "android_client_info": {
          "package_name": "com.mycompany.talaash"
        }
      },
      "oauth_client": [
        {
          "client_id": "580321473691-ok2khhq0o3lklmpincknj1d4etell9s4.apps.googleusercontent.com",
          "client_type": 1,
          "android_info": {
            "package_name": "com.mycompany.talaash",
            "certificate_hash": "9bbb3186b2189ef16d8f272bdab59362c395cbb4"
          }
        },
        {
          "client_id": "580321473691-6vccrvgtsd5l2ier66nestljshpvmeud.apps.googleusercontent.com",
          "client_type": 3
        }
      ],
      "api_key": [
        {
          "current_key": "AIzaSyBesDtijgDoCKDynWpC8REV3pCQt_mJMLc"
        }
      ],
      "services": {
        "appinvite_service": {
          "other_platform_oauth_client": [
            {
              "client_id": "580321473691-6vccrvgtsd5l2ier66nestljshpvmeud.apps.googleusercontent.com",
              "client_type": 3
            },
            {
              "client_id": "580321473691-4125uhq1pje5av19tkl6l04n8l5c40qa.apps.googleusercontent.com",
              "client_type": 2,
              "ios_info": {
                "bundle_id": "com.kiet.talaash"
              }
            }
          ]
        }
      }
    }
  ],
  "configuration_version": "1"
}